INSERT INTO USER (ID, VERSION, USERNAME, PASSWORD, ROLE) VALUES (10, 0, 'admin', 'admin', 'ADMIN');

INSERT INTO USER (ID, VERSION, USERNAME, PASSWORD, ROLE) VALUES (11, 0, 'alma', 'korte', 'USER');

INSERT INTO USER (ID, VERSION, USERNAME, PASSWORD, ROLE) VALUES (12, 0, 'hubert', 'cumberdale', 'USER');

INSERT INTO USER (ID, VERSION, USERNAME, PASSWORD, ROLE) VALUES (13, 0, 'marjory', 'baxter', 'USER');

INSERT INTO USER (ID, VERSION, USERNAME, PASSWORD, ROLE) VALUES (14, 0, 'jeremy', 'fisher', 'USER');

INSERT INTO TEAM (ID, VERSION, NAME) VALUES (10, 0, 'team_effort');

INSERT INTO TEAM (ID, VERSION, NAME) VALUES (11, 0, 'team_salad');

INSERT INTO MEMBERSHIP (ID, VERSION, USER_ID, TEAM_ID) VALUES (10, 0, 10, 10);

INSERT INTO MEMBERSHIP (ID, VERSION, USER_ID, TEAM_ID) VALUES (11, 0, 11, 10);

INSERT INTO MEMBERSHIP (ID, VERSION, USER_ID, TEAM_ID) VALUES (12, 0, 12, 11);

INSERT INTO MEMBERSHIP (ID, VERSION, USER_ID, TEAM_ID) VALUES (13, 0, 13, 11);

INSERT INTO MEMBERSHIP (ID, VERSION, USER_ID, TEAM_ID) VALUES (14, 0, 14, 11);

INSERT INTO TASK(ID, VERSION, TEXT, DESCRIPTION, PROGRESS, ASSIGNEE_ID, TEAM_ID) VALUES (10, 0, 'Christmas decoration', 'Decorate the office.', 'BACKLOG', 10, 10);

INSERT INTO TASK(ID, VERSION, TEXT, DESCRIPTION, PROGRESS, ASSIGNEE_ID, TEAM_ID) VALUES (11, 0, 'Write frontend', 'Write angular frontend for uni project.', 'BACKLOG', 11, 10);

INSERT INTO TASK(ID, VERSION, TEXT, DESCRIPTION, PROGRESS, ASSIGNEE_ID, TEAM_ID) VALUES (12, 0, 'Bake a cake', 'Bake a cake for Salad Fingers. Beware the oven door!', 'BACKLOG', 12, 11);

INSERT INTO TASK(ID, VERSION, TEXT, DESCRIPTION, PROGRESS, ASSIGNEE_ID, TEAM_ID) VALUES (13, 0, 'Clean the office up', 'Sweep and mop the floors, clean rusty spoons.', 'BACKLOG', 12, 11);

INSERT INTO TASK(ID, VERSION, TEXT, DESCRIPTION, PROGRESS, ASSIGNEE_ID, TEAM_ID) VALUES (14, 0, 'Write backend', 'Write backend for uni project.', 'IN_PROGRESS', 13, 11);

INSERT INTO TASK(ID, VERSION, TEXT, DESCRIPTION, PROGRESS, ASSIGNEE_ID, TEAM_ID) VALUES (15, 0, 'Throw Christmas party', 'Call the venue and the caterers, send out the invitations..', 'BLOCKED', 14, 11);